INSERT INTO teams VALUES
('Antrim','County',null,'Ulster','Liam Bradley','Casement Park, Belfast'),
('Armagh','County',null,'Ulster','Kieran McGeeney','Athletic Grounds, Armagh'),
('Carlow','County',null,'Leinster','Turlough O Brien','Dr Cullen Park, Carlow'),
('Cavan','County',null,'Ulster','Terry Hyland','Kingspan Breffni Park, Cavan'),
('Clare','County',null,'Munster','Colm Collins','Cusack Park, Ennis'),
('Cork','County',null,'Munster','Brian Cuthbert','Páirc Uí Chíomh, Cork'),
('Derry','County',null,'Ulster','Brian McIver','Celtic Park, Derry'),
('Donegal','County',null,'Ulster','Rory Gallagher','MacCumhaill Park, Ballybofey'),
('Down','County',null,'Ulster','Jim McCorry','Páirc Esler, Newry'),
('Dublin','County',null,'Leinster','Jim Gavin','Parnell Park, Dublin'),
('Fermanagh','County',null,'Ulster','Malachy O Rourke','Brewster Park, Fermanagh'),
('Galway','County',null,'Connacht','Kevin Walsh','Pearse Stadium, Salthill'),
('Kerry','County',null,'Munster','Eamon Fitzmaurice','Fitzgerald Stadium, Killarney'),
('Kildare','County',null,'Leinster','Jason Ryan','St Conleths Park, Newbridge'),
('Kilkenny','County',null,'Leinster','NOT APPOINTED','Nowlan Park, Kilkenny'),
('Laois','County',null,'Leinster','Tomás Ó Flatharta','O Moore Park, Portlaoise'),
('Leitrim','County',null,'Connacht','Seán Hagan','Páirc Seán Mac Diarmada, Carrick-On-Shannon'),
('Limerick','County',null,'Munster','John Brudair','Gaelic Grounds, Limerick'),
('London','County',null,'Connacht','Paul Coggins','Emerald GAA Grounds, Ruislip'),
('Longford','County',null,'Leinster','Jack Sheedy','Pearse Park, Longford'),
('Louth','County',null,'Leinster','Colin Kelly','Drogheda Park, Drogheda'),
('Mayo','County',null,'Connacht','Pat Holmes and Noel Connelly','MacHale Park, Castlebar'),
('Meath','County',null,'Leinster','Mick O Dowd','Páirc Tailteann, Navan'),
('Monaghan','County',null,'Ulster','Malachy O Rourke','St Tiernachs Park, Clones'),
('New York','County',null,'Connacht','Ian Galvin', 'Gaelic Park, The Bronx'),
('Offaly','County',null,'Leinster','Pat Flanagan', 'O Connor Park, Tullamore'),
('Roscommon','County',null,'Connacht','John Evans','Dr Hyde Park, Roscommon'),
('Sligo','County',null,'Connacht','Niall Carew','Markievicz Park, Sligo'),
('Tipperary','County',null,'Munster','Peter Creedon','Semple Stadium, Thurles'),
('Tyrone','County',null,'Ulster','Mickey Harte','Healy Park, Tyrone'),
('Waterford','County',null,'Munster','Tom McGlinchy','Walsh Park, Waterford'),
('Westmeath','County',null,'Leinster','Tom Cribben','Cusack Park, Mullingar'),
('Wexford','County',null,'Leinster','Aidan O Brien','Wexford Park, Wexford'),
('Wicklow','County',null,'Leinster','Harry Murphy','Aughrim'),
('Douglas','Club','Cork','Munster','Tony Leen','Douglas'),
('Four Masters','Club','Donegal','Ulster',null,'Pairc Tir Conaill, Donegal Town'),
('Salthill Knocknacarra','Club','Galway','Connacht','Eoin O Donnellan','The Prairie, Salthill'),
('Westport','Club','Mayo','Connacht','Stephen Joyce','Newport Road, Westport'),
('Doohamlet O Neills','Club','Monaghan','Ulster','Trevor Duffy','Doohamlet'),
('Breaffy','Club','Mayo','Connacht','John Moran','Ballyheane'),
('An Riocht','Club','Down','Ulster',null,'Dunavil Road, Kilkeel'),
('Glenswilly','Club','Donegal','Ulster','Gary McDaid','Pairc Naomh Columba, Glenswilly'),
('Kerins O Rahillys','Club','Kerry','Munster','Barry O Shea','Strand Road, Tralee'),
('Ballboden St Endas','Club','Dublin','Leinster','Andy McEntee','Pairc Uí Mhurchú, Firhouse Road'),
('Dromintee St Patricks','Club','Armagh','Ulster','Paul Shields','Páirc Uí Luachra & Mhic Cathmhaoil'),
('Dr Crokes','Club','Kerry','Munster','Noel O Leary','Lewis Road, Killarney'),
('Clontibret O Neills','Club','Monaghan','Ulster','Dominic Corrigan','Páirc Uí Neill, Clontibret'),
('St Oliver Plunketts Eoghan Ruadh','Club','Dublin','Leinster','Paul Clarke','Glenarriff Road, Dublin'),
('Ballintubber','Club','Mayo','Connacht','Peter Ford','Ballintubber'),
('Castlehaven','Club','Cork','Munster','Finbarr Santry','Castlehaven'),
('Parnells','Club','Dublin','Leinster','Brian Talty','Coolock, Dublin'),
('Skryne','Club','Meath','Leinster','Liam Harnan','Skryne'),
('Castletown Liam Mellows','Club','Wexford','Leinster',null,'Castletown'),
('Bishopstown','Club','Cork','Munster','Johnny Crowley','Bishopstown');

INSERT INTO players VALUES
('Eoin Cadogan','1986-09-01','M','1.88','Douglas','Cork','Defender'),
('Karl Lacey','1984-09-10','M','1.80','Four Masters','Donegal','Defender'),
('Finian Hanley','1985-01-04','M','1.9','Salthill Knocknacarra','Galway','Defender'),
('Lee Keegan','1989-10-25','M','1.83','Westport','Mayo','Defender'),
('Colin Walshe','1990-09-28','M','1.82','Doohamlet O Neills','Monaghan','Defender'),
('Aidan O Shea','1990-01-01','M','1.93','Breaffy','Mayo','Midfielder'),
('Martin Clarke','1987-11-13','M','1.83','An Riocht','Down','Midfielder'),
('Michael Murphy','1989-08-04','M','1.88','Glenswilly','Donegal','Midfielder'),
('David Moran','1988-06-29','M','1.91','Kerins O Rahillys','Kerry','Midfielder'),
('Michael Darragh MacAuley','1986-08-21','M','1.96','Ballyboden St Endas','Dublin','Midfielder'),
('Kevin Dyas','1987-10-26','M','1.80','Dromintee St Patricks','Armagh','Midfielder'),
('Colm Cooper','1983-06-03','M','1.82','Dr Crokes','Kerry','Forward'),
('Conor McManus','1990-06-01','M','1.88','Clontibret O Neills','Monaghan','Forward'),
('Bernard Brogan','1984-04-03','M','1.85','St Oliver Plunketts Eoghan Ruadh','Dublin','Forward'),
('Cillian O Connor','1992-01-01','M','1.83','Ballintubber','Mayo','Forward'),
('Brian Hurley','1992-04-02','M','1.78','Castlehaven','Cork','Forward'),
('Stephen Cluxton','1981-12-17','M','1.8','Parnells','Dublin','Goalkeeper'),
('Paddy O Rourke','1990-01-01','M','1.95','Skryne','Meath','Goalkeeper'),
('Anthony Masterson','1983-01-05','M','1.91','Castletown Liam Mellows','Wexford','Goalkeeper'),
('Paul Durcan','1984-04-22','M','1.95','Four Masters','Donegal','Goalkeeper'),
('Ken O Halloran','1986-08-07','M','1.93','Bishopstown','Cork','Goalkeeper');

INSERT INTO matches VALUES
('Cork','Monaghan',1,12,2,8,'Challenge','2015-04-03',71,'O Moore Park, Portlaoise'),
('Laois','Dublin',2,12,3,19,'League','2015-03-01',73,'O Moore Park, Portlaoise'),
('Donegal','Kerry',2,14,2,14,'League','2015-02-20',74,'MacCumhaill Park, Ballyboffey'),
('Kildare','Donegal',1,9,2,8,'League','2015-02-27',75,'St Conleths Park, Newbridge'),
('Armagh','Donegal',1,10,2,12,'Provincial Tournament','2015-01-10',71,'Athletic Grounds, Armagh'),
('Kerry','Dublin',2,15,0,17,'League','2015-04-01',74,'Fitzgerald Stadium, Killarney'),
('Cork','Derry',2,16,1,6,'League','2015-04-10',74,'Páirc Uí Ríonn, Cork'),
('Armagh','Galway',1,9,2,8,'League','2015-03-24',77,'Athletic Grounds, Armagh'),
('Galway','Kildare',5,12,1,10,'League','2015-02-26',72,'Pearse Stadium, Salthill'),
('Mayo','Cork',2,14,2,10,'League','2015-03-15',73,'MacHale Park, Castlebar'),
('Down','Mayo',1,12,2,19,'League','2015-02-18',76,'Páirc Esler, Newry'),
('Cavan','Monaghan',2,13,1,15,'Championship','2015-05-19',73,'St Tiernachs Park, Clones'),
('Down','Galway',1,12,0,15,'League','2015-03-01',75,'Páirc Esler, Newry'),
('Galway','Mayo',2,8,3,19,'Provincial Tournament','2015-02-01',74,'Pearse Stadium, Salthill'),
('Dublin','Armagh',2,18,1,12,'League','2015-02-15',78,'Croke Park, Dublin'),
('Kerry','Cork',4,14,1,12,'League','2015-04-14',72,'Fitzgerald Stadium, Killarney'),
('Monaghan','Down',1,15,0,8,'League','2015-04-14',74,'St Tiernachs Park, Clones'),
('Dublin','Down',null,null,null,null,'Challenge','2015-04-30',null,'Parnell Park,Dublin'),
('Cork','Tipperary',null,null,null,null,'Championship','2015-05-20',null,'Páirc Uí Chíomh, Cork'),
('Meath','Westmeath',null,null,null,null,'Championship','2015-06-02',null,'O Moore Park, Portlaoise'),
('Donegal','Derry',null,null,null,null,'Championship','2015-06-02',null,'St Tiernachs Park, Clones');

/*Mins Played, Distance Covered, Possesions, Possessions(SCR ZON), Poss Clean Catch, Poss Tackle, 
Pass Complete, HPass Compl, FPass Compl, Pass Incompl, Shots On, Wides, Saves, Goals, Points, Points From Frees, 
Tackles, Frees For, Frees Against, Att Run, Def Run, Red, Yellow, Black*/
INSERT INTO appearances VALUES
('Ken O`Halloran','2015-04-03','Cork',53,1200,41,0,4,0,22,6,16,16,0,0,2,0,0,0,3,0,1,0,0,0,0,0),
('Eoin Cadogan','2015-04-03','Cork',44,6100,27,1,2,15,18,4,2,3,0,0,0,0,0,0,19,2,2,6,0,0,1,0),
('Brian Hurley','2015-04-03','Cork',30,3000,18,4,2,2,5,3,2,2,2,2,0,0,1,0,4,1,2,0,1,0,0,1),
('Conor McManus','2015-04-03','Monaghan',60,5400,20,10,2,2,6,3,3,4,7,2,0,6,4,2,3,1,0,2,1,0,1,0),
('Colin Walshe','2015-04-03','Monaghan',72,8000,24,1,2,6,19,16,3,4,1,0,1,0,1,0,20,2,4,2,0,0,0,0),
('Stephen Cluxton','2015-03-01','Dublin',74,1350,28,3,2,0,25,4,21,1,2,1,3,0,2,2,2,0,0,0,0,0,0,0),
('Bernard Brogan','2015-03-01','Dublin',63,7000,17,10,3,1,4,3,1,2,5,0,0,1,4,2,3,2,1,0,0,0,0,0),
('Michael Darragh McAuley','2015-03-01','Dublin',74,8300,31,5,5,6,12,8,4,3,1,1,0,1,1,0,19,3,2,7,18,0,1,0),
('Karl Lacey','2015-02-20','Donegal',53,6800,31,2,7,5,14,12,2,5,0,1,0,0,0,0,22,3,4,7,0,0,1,0),
('Michael Murphy','2015-02-20','Donegal',74,7000,40,8,8,3,14,10,4,3,6,2,0,1,5,2,19,2,2,3,12,0,0,0),
('Paul Durcan','2015-02-20','Donegal',74,250,36,0,3,1,18,5,13,12,0,0,4,0,0,0,2,1,0,0,0,0,0,0),
('Colm Cooper','2015-02-20','Kerry',49,4000,22,8,3,0,13,8,5,2,7,2,0,1,4,2,2,2,0,0,0,0,0,0),
('David Moran','2015-02-20','Kerry',71,7700,29,6,3,8,8,4,4,3,2,1,0,0,2,0,21,5,2,6,15,0,0,0),
('Karl Lacey','2015-02-27','Donegal',62,7200,27,1,8,8,9,6,3,3,0,0,0,0,0,0,31,2,5,7,0,0,1,1),
('Michael Murphy','2015-02-27','Donegal',75,7700,35,10,7,2,16,13,3,2,8,3,0,0,7,2,19,4,2,5,9,0,1,0),
('Paul Durcan','2015-02-27','Donegal',75,1310,32,0,6,0,22,7,15,10,0,0,1,0,0,0,1,1,0,0,0,0,0,0),
('Kevin Dyas','2015-01-10','Armagh',55,7100,26,4,4,3,13,11,2,5,2,1,0,0,1,0,23,2,6,2,11,0,0,1),
('Karl Lacey','2015-01-10','Donegal',69,6800,22,5,1,4,15,13,2,3,2,1,0,0,1,0,19,4,3,3,0,0,0,0),
('Michael Murphy','2015-01-10','Donegal',71,7000,32,9,3,2,12,9,3,4,4,0,0,0,4,0,18,2,4,7,10,0,1,0),
('Paul Durcan','2015-01-10','Donegal',71,1250,31,0,4,0,20,4,16,11,0,0,2,0,0,0,1,3,1,0,0,0,0,0),
('Stephen Cluxton','2015-04-01','Dublin',74,1320,41,0,4,0,24,5,19,17,3,0,1,0,3,3,2,0,0,0,0,0,0,0),
('Bernard Brogan','2015-04-01','Dublin',74,7100,20,7,2,2,7,4,3,0,4,2,0,0,3,2,9,4,0,0,4,0,0,0),
('Michael Darragh McAuley','2015-04-01','Dublin',66,8300,21,2,4,3,13,9,4,7,1,1,0,0,1,0,15,2,6,13,9,1,2,0),
('Colm Cooper','2015-04-01','Kerry',66,5200,25,16,5,1,13,8,5,0,7,1,0,1,5,3,12,5,1,0,2,0,0,0),
('David Moran','2015-04-01','Kerry',65,7200,37,3,9,2,13,9,4,6,2,1,0,0,2,0,17,3,4,5,9,0,1,0),
('Ken O Halloran','2015-04-10','Cork',74,1150,32,0,5,1,18,4,14,14,0,0,1,0,0,0,1,1,0,0,0,0,0,0),
('Eoin Cadogan','2015-04-10','Cork',74,6200,31,3,4,12,18,15,3,2,1,0,0,0,1,0,17,2,3,4,0,0,0,0),
('Brian Hurley','2015-04-10','Cork',68,5500,18,7,2,2,10,6,4,1,3,1,0,0,3,0,10,3,1,0,3,0,0,0),
('Finian Hanley','2015-03-24','Galway',77,8600,26,0,3,4,11,10,1,1,0,0,0,0,0,0,20,1,2,0,0,0,0,0),
('Kevin Dyas','2015-03-24','Armagh',77,8000,30,6,6,2,14,10,4,5,1,0,0,0,1,0,19,2,3,8,11,0,1,0),
('Finian Hanley','2015-02-26','Galway',72,7400,24,0,4,3,16,11,5,3,0,0,1,0,0,0,15,2,4,1,0,0,1,0),
('Colin Walshe','2015-05-19','Monaghan',73,7100,24,2,5,2,10,8,2,2,0,0,0,0,0,0,22,3,2,3,0,0,0,0),
('Conor McManus','2015-05-19','Monaghan',73,7400,14,8,2,0,8,5,3,2,7,1,0,1,5,3,9,4,1,0,3,0,0,0),
('Finian Hanley','2015-03-01','Galway',75,7700,19,1,2,2,13,11,2,3,0,0,0,0,0,0,14,2,4,1,0,0,0,0),
('Martin Clarke','2015-03-01','Down',68,7300,20,5,4,4,1,8,3,4,2,1,0,0,2,0,15,3,2,7,7,0,1,0),
('Colin Walshe','2015-04-14','Monaghan',74,7400,26,2,2,4,11,8,3,1,0,0,0,0,0,0,17,2,3,6,0,0,1,0),
('Conor McManus','2015-04-14','Monaghan',74,7100,18,10,2,0,7,4,3,1,8,2,0,1,5,4,6,3,2,0,1,0,0,0),
('Martin Clarke','2015-04-14','Down',68,8100,28,5,6,2,11,9,2,4,2,1,0,0,2,0,14,2,2,4,2,0,0,0),
('Aidan O Shea','2015-03-15','Mayo',64,7900,25,4,9,2,12,9,3,3,3,2,0,0,2,0,17,3,4,6,8,0,0,0),
('Lee Keegan','2015-03-15','Mayo',73,7100,22,2,1,2,14,12,2,1,1,0,0,0,1,0,12,4,2,6,0,0,0,0),
('Cillian O Connor','2015-03-15','Mayo',73,7400,15,10,1,0,6,5,1,0,7,1,0,0,7,5,10,3,1,0,2,0,0,0),
('Ken O Halloran','2015-03-15','Cork',73,1280,34,0,4,1,22,4,18,12,0,0,4,0,0,0,2,0,0,0,0,0,0,0),
('Eoin Cadogan','2015-03-15','Cork',73,6100,20,0,3,4,17,14,3,2,0,0,1,0,0,0,17,1,4,2,0,0,1,0),
('Brian Hurley','2015-03-15','Cork',59,3000,17,9,3,0,11,8,3,1,4,1,0,1,3,2,5,4,1,0,2,0,0,0),
('Martin Clarke','2015-02-18','Down',75,7600,18,4,6,4,12,9,3,1,2,0,0,0,2,0,11,4,2,9,7,0,0,0),
('Aidan O Shea','2015-02-15','Mayo',75,7600,21,3,5,4,12,8,4,3,1,2,0,0,1,0,10,2,4,6,5,0,0,0),
('Cillian O Connor','2015-02-15','Mayo',71,7200,17,12,2,0,9,7,2,1,10,2,0,2,7,5,2,3,0,0,3,0,0,0),
('Lee Keegan','2015-02-15','Mayo',48,5200,13,1,2,1,10,7,3,5,0,1,0,0,0,0,12,1,2,2,0,0,0,1),
('Finian Hanley','2015-02-01','Galway',50,7400,10,0,2,1,6,5,1,1,0,0,1,0,0,0,11,0,2,0,0,0,0,1),
('Aidan O Shea','2015-02-01','Mayo',0,0,0,0,0,0,0,0,0,0,0,0,0,0,0,0,0,0,0,0,0,0,0,0),
('Lee Keegan','2015-02-01','Mayo',16,1400,8,0,0,1,6,5,1,1,0,0,0,0,0,0,6,1,0,2,0,0,0,0),
('Cillian O Connor','2015-02-01','Mayo',74,7400,14,6,2,0,7,4,3,2,7,0,0,1,6,4,5,3,0,0,0,0,0,0),
('Stephen Cluxton','2015-02-15','Dublin',78,1220,25,2,2,0,18,3,15,6,2,0,1,0,2,2,1,0,0,0,0,0,0,0),
('Bernard Brogan','2015-02-15','Dublin',66,7100,14,6,1,0,4,3,1,1,4,0,0,1,3,0,3,1,0,0,1,0,0,0),
('Michael Darragh McAuley','2015-02-15','Dublin',0,0,0,0,0,0,0,0,0,0,0,0,0,0,0,0,0,0,0,0,0,0,0,0),
('Kevin Dyas','2015-02-15','Armagh',78,7100,26,4,6,4,12,9,3,1,2,0,0,0,2,0,11,4,2,9,7,0,1,0),
('Colm Cooper','2015-04-14','Kerry',60,5200,17,8,0,0,13,8,5,0,6,2,0,2,4,2,3,1,0,0,0,0,0,0),
('David Moran','2015-04-14','Kerry',72,8200,22,1,6,1,12,9,3,4,2,0,0,0,2,0,12,2,3,4,10,0,1,0),
('Ken O Halloran','2015-04-14','Cork',72,1280,40,0,3,0,22,6,16,12,0,0,2,0,0,0,3,0,0,0,0,0,0,0),
('Eoin Cadogan','2015-04-14','Cork',25,3500,16,0,2,1,12,8,4,2,0,0,0,0,0,0,8,2,1,1,0,0,0,0),
('Brian Hurley','2015-04-14','Cork',72,3000,12,6,1,0,7,6,1,1,3,1,0,0,2,0,6,2,2,0,0,0,0,0);
								
INSERT INTO training VALUES
('Paul Durcan','2015-01-04','OK','COUNTY',15,50,50,15),
('Karl Lacey','2015-01-04','OK','COUNTY',20,70,30,20),
('Michael Murphy','2015-01-04','OK','COUNTY',20,70,40,20),
('Paul Durcan','2015-01-06','OK','COUNTY',15,70,40,15),
('Karl Lacey','2015-01-06','OK','COUNTY',20,60,40,20),
('Michael Murphy','2015-01-06','OK','COUNTY',20,50,60,20),
('Paul Durcan','2015-01-08','OK','COUNTY',15,35,35,20),
('Karl Lacey','2015-01-08','OK','COUNTY',20,35,35,30),
('Michael Murphy','2015-01-08','OK','COUNTY',20,35,35,30),
('Paul Durcan','2015-01-10','OK','COUNTY',15,50,40,15),
('Karl Lacey','2015-01-10','OK','COUNTY',30,50,50,20),
('Michael Murphy','2015-01-10','OK','COUNTY',30,50,50,20),
('Colin Walshe','2015-01-02','OK','COUNTY',20,60,30,20),
('Conor McManus','2015-01-02','OK','COUNTY',20,60,30,20),
('Colin Walshe','2015-01-15','OK','COUNTY',30,40,30,15),
('Conor McManus','2015-01-15','OK','COUNTY',30,40,30,15),
('Colin Walshe','2015-01-17','OK','COUNTY',30,50,50,15),
('Conor McManus','2015-01-17','OK','COUNTY',30,50,50,15),
('Colin Walshe','2015-02-04','OK','COUNTY',30,40,40,15),
('Conor McManus','2015-02-04','OK','COUNTY',30,40,40,15),
('Bernard Brogan','2015-01-02','OK','COUNTY',30,50,40,30),
('Michael Darragh McAuley','2015-01-02','OK','COUNTY',30,50,40,30),
('Stephen Cluxton','2015-01-02','OK','COUNTY',30,50,40,30),
('Bernard Brogan','2015-01-09','OK','COUNTY',40,40,40,30),
('Michael Darragh McAuley','2015-01-09','OK','COUNTY',40,40,40,30),
('Stephen Cluxton','2015-01-09','OK','COUNTY',30,40,20,20),
('Stephen Cluxton','2015-01-10','OK','PERSONAL',0,30,30,0),
('Bernard Brogan','2015-02-02','OK','COUNTY',40,50,30,30),
('Michael Darragh McAuley','2015-02-02','OK','COUNTY',40,50,30,30),
('Stephen Cluxton','2015-02-02','OK','COUNTY',30,40,20,20),
('Ken O Halloran','2015-01-04','OK','COUNTY',15,50,30,20),
('Eoin Cadogan','2015-01-04','OK','COUNTY',25,45,25,15),
('Brian Hurley','2015-01-04','OK','COUNTY',25,65,0,15),
('Ken O Halloran','2015-01-06','OK','COUNTY',20,70,20,20),
('Eoin Cadogan','2015-01-06','OK','COUNTY',15,70,0,25),
('Brian Hurley','2015-01-06','OK','COUNTY',15,70,0,25),
('Ken O Halloran','2015-01-08','OK','COUNTY',15,40,40,20),
('Eoin Cadogan','2015-01-08','OK','COUNTY',15,50,50,25),
('Brian Hurley','2015-01-08','OK','COUNTY',15,50,40,25),
('Ken O Halloran','2015-01-12','OK','COUNTY',15,50,30,20),
('Eoin Cadogan','2015-01-12','OK','COUNTY',25,40,15,15),
('Brian Hurley','2015-01-12','OK','COUNTY',25,40,15,15),
('Finian Hanley','2015-01-01','OK','COUNTY',20,60,10,20),
('Finian Hanley','2015-01-05','OK','COUNTY',20,60,10,20),
('Finian Hanley','2015-01-09','OK','PERSONAL',0,50,40,20),
('Finian Hanley','2015-01-10','OK','COUNTY',20,65,25,20),
('Anthony Masterson','2015-01-05','INJURED','COUNTY',0,0,40,10),
('Anthony Masterson','2015-01-07','INJURED','PERSONAL',0,0,40,10),
('Anthony Masterson','2015-01-08','INJURED','COUNTY',0,20,30,20),
('Anthony Masterson','2015-01-09','INJURED','PERSONAL',0,5,60,10),
('Anthony Masterson','2015-01-11','INJURED','PERSONAL',0,10,40,10),
('Cillian O Connor','2015-01-04','OK','COUNTY',15,70,20,15),
('Keith Higgins','2015-01-04','OK','COUNTY',15,70,20,15),
('Aidan O Shea','2015-01-04','OK','COUNTY',15,70,20,15),
('Cillian O Connor','2015-01-06','OK','COUNTY',15,60,30,15),
('Keith Higgins','2015-01-06','OK','COUNTY',15,60,30,15),
('Aidan O Shea','2015-01-06','OK','COUNTY',15,60,30,15),
('Cillian O Connor','2015-01-08','OK','COUNTY',25,75,20,15),
('Keith Higgins','2015-01-08','OK','COUNTY',15,80,10,15),
('Aidan O Shea','2015-01-08','OK','COUNTY',15,90,0,15),
('Cillian O Connor','2015-01-10','OK','COUNTY',25,35,55,15),
('Keith Higgins','2015-01-10','OK','COUNTY',25,50,35,15),
('Aidan O Shea','2015-01-10','OK','COUNTY',25,60,30,15),
('Cillian O Connor','2015-01-12','OK','COUNTY',25,60,30,15),
('Keith Higgins','2015-01-12','OK','COUNTY',25,60,30,15),
('Aidan O Shea','2015-01-12','OK','COUNTY',35,40,50,15),
('Paddy O Rourke','2015-01-05','OK','COUNTY',15,60,30,15),
('Paddy O Rourke','2015-01-06','OK','COUNTY',15,30,60,15),
('Paddy O Rourke','2015-01-07','OK','PERSONAL',25,50,30,15),
('Paddy O Rourke','2015-01-08','OK','COUNTY',15,50,400,20),
('Paddy O Rourke','2015-01-10','OK','PERSONAL',0,30,60,15),
('Martin Clarke','2015-01-04','OK','PERSONAL',15,60,30,15),
('Martin Clarke','2015-01-07','OK','COUNTY',25,70,30,15),
('Martin Clarke','2015-01-09','OK','COUNTY',25,60,35,15),
('Martin Clarke','2015-01-11','OK','COUNTY',20,60,35,15),
('Martin Clarke','2015-01-18','OK','COUNTY',45,40,30,15),
('Kevin Dyas','2015-01-04','OK','COUNTY',10,60,30,15),
('Kevin Dyas','2015-01-06','OK','COUNTY',10,30,60,15),
('Kevin Dyas','2015-01-08','OK','COUNTY',10,30,60,15),
('Kevin Dyas','2015-01-10','OK','COUNTY',10,30,70,15),
('Kevin Dyas','2015-01-12','OK','COUNTY',10,90,25,15),
('Colm Cooper','2015-01-03','OK','PERSONAL',0,20,40,0),
('Colm Cooper','2015-01-04','OK','COUNTY',30,40,40,25),
('David Moran','2015-01-04','OK','COUNTY',30,40,40,20),
('Colm Cooper','2015-01-06','OK','PERSONAL',0,30,20,0),
('Colm Cooper','2015-01-07','OK','COUNTY',30,60,30,25),
('David Moran','2015-01-07','OK','COUNTY',30,60,20,20),
('Colm Cooper','2015-01-10','OK','PERSONAL',0,20,40,0),
('Colm Cooper','2015-01-11','OK','COUNTY',20,60,30,25),
('David Moran','2015-01-11','OK','COUNTY',20,60,30,20),
('Colm Cooper','2015-01-14','OK','PERSONAL',0,20,40,0),
('Colm Cooper','2015-01-15','OK','COUNTY',40,50,40,25),
('David Moran','2015-01-15','OK','COUNTY',40,40,40,20),
('David Moran','2015-01-19','OK','CLUB',35,40,50,20),
('Paul Durcan','2015-01-21','OK','CLUB',40,40,40,10),
('Bernard Brogan','2015-01-19','OK','COUNTY',10,55,25,15),
('Kevin Dyas','2015-01-20','OK','COUNTY',0,30,40,35),
('Martin Clarke','2015-01-24','OK','COUNTY',15,30,60,15),
('Colin Walshe','2015-01-24','OK','THIRD-LEVEL',55,30,25,15),
('Conor McManus','2015-01-24','OK','COUNTY',40,40,20,15),
('Paul Durcan','2015-01-20','OK','COUNTY',25,50,2,15),
('Michael Murphy','2015-01-20','OK','COUNTY',45,20,10,15),
('Karl Lacey','2015-01-20','OK','COUNTY',45,20,10,15),
('Michael Darragh McAuley','2015-01-19','OK','PERSONAL',15,50,20,15),
('Stephen Cluxton','2015-01-19','OK','PERSONAL',45,30,10,10),
('Cillian O Connor','2015-01-20','OK','THIRD-LEVEL',45,15,10,15),
('Cillian O Connor','2015-01-22','OK','THIRD-LEVEL',45,15,5,15),
('Finian Hanley','2015-01-26','OK','CLUB',25,20,20,15),
('Finian Hanley','2015-01-28','OK','COUNTY',40,30,20,15),
('Paddy O Rourke','2015-01-27','OK','COUNTY',35,20,20,15),
('Paddy O Rourke','2015-01-29','OK','COUNTY',40,20,20,15),
('Kevin Dyas','2015-02-01','INJURE','COUNTY',0,20,30,15),
('Paul Durcan','2015-02-01','OK','PERSONAL',35,20,20,15),
('Ken O Halloran','2015-01-24','OK','CLUB',55,40,30,25);


